{"air_temperature":22.13004520887425,"air_humidity":4.3372914566279,"id":504598831,"status":1}