{"soil_salinity":1.466087726651777,"soil_humidity":91.17421650177708,"soil_nitrogenous":84.55796698031934,"id":1300558381,"segment_lighting":12.795438671498404,"status":1}