{"air_temperature":0.8303998427440415,"air_humidity":1.7499779093343504,"id":1854793462,"status":1}