{"soil_salinity":0.82596589907864,"soil_humidity":14.940279309644255,"soil_nitrogenous":52.82256925329045,
  "id":1387620928,"segment_lighting":92.24887085353035,"status":1}

